{
	"id": "de0dee2a-edda-048b-ef3c-349235c9e823",
	"name": "PaymentService",
	"description": "",
	"order": [
		"0fd42c0b-011c-28c7-b55a-3ac3be3cd638"
	],
	"folders": [
		{
			"id": "d09c7d61-5e34-a633-9a5d-3cb2b580459b",
			"name": "Channel",
			"description": "",
			"order": [
				"05abe950-5ccf-6127-8d93-f87d4425ab0d",
				"cd6a5172-e51c-709c-7fa3-8bdd83c59aad",
				"8e47495f-ecf3-2f96-715f-e869813cbec8",
				"771f0293-da7b-e595-e6cf-ec23e5fa8845"
			],
			"owner": "199939"
		},
		{
			"id": "ac10f3be-327e-1dca-10e6-e4764a5ec16d",
			"name": "Processor",
			"description": "",
			"order": [
				"f04916ba-88c0-5c23-74fd-91f3834cedd7",
				"57948da2-8d40-9dc9-bef4-44fe06d9852b",
				"e9381c00-d0ad-96e2-5996-bd1d4c70189b",
				"4afa4f9f-99cb-810f-2f08-528c9f377b5e",
				"117fb8ca-cdf8-4e2d-9dae-1362d6955829",
				"60a09c71-7ce0-d310-b158-a937af2af82e"
			],
			"owner": "199939"
		},
		{
			"id": "856de3db-92dc-3db5-be77-c20d45d024ef",
			"name": "Profile",
			"description": "",
			"order": [
				"8cc1813a-11a3-ddc1-28b5-befe7f483f67",
				"25a90834-62d6-928d-18e1-821f333c8480",
				"0cdb46e9-6fe5-4ba4-450b-f74d01421978",
				"2762c2a4-8517-8d2c-5caa-26e86df2f21f"
			],
			"owner": "199939"
		},
		{
			"id": "c04cc79f-6f50-5e05-df29-9476059df789",
			"name": "ProfileScript",
			"description": "",
			"order": [
				"97ab8958-3a5a-118b-04a3-db2c4df17ca5",
				"801ec1ac-6625-d8c1-478a-83854a4d357d",
				"acaa2daa-0009-93de-10fb-f6a634fde608",
				"ddcb203e-548a-ba50-e9ab-c435801d6550",
				"93474146-9ff6-c054-055e-4f68fe5e840e"
			],
			"owner": "199939",
			"collectionId": "de0dee2a-edda-048b-ef3c-349235c9e823"
		},
		{
			"id": "a52131cf-4adb-a041-bdfa-a77beec7cd83",
			"name": "Provider",
			"description": "",
			"order": [
				"cbf3e9d9-bb93-d215-7240-e867c0ebce69",
				"794e0427-7d68-0ea7-f137-bdad59136c0a"
			],
			"owner": "199939"
		},
		{
			"id": "07deb043-b768-0e3c-5241-b622b486e616",
			"name": "Transaction",
			"description": "",
			"order": [
				"934bfd03-c383-5179-e9b3-4cfc144d62d0",
				"1e543465-2c41-9473-724e-f12b3cc47dcb",
				"ae613beb-00c5-5637-5793-403ed08e5ba7"
			],
			"owner": "199939"
		}
	],
	"timestamp": 1483650708011,
	"owner": "199939",
	"public": false,
	"requests": [
		{
			"id": "05abe950-5ccf-6127-8d93-f87d4425ab0d",
			"headers": "Content-Type: application/json\nAccept: applicatino/json\nAuthorization: Bearer {{paymentAuthToken}}\n",
			"url": "{{host}}/api/v1/payment/processor/86167C86-95A7-463F-836C-56D347836498/channel?XDEBUG_SESSION_START=PHPSTORM",
			"preRequestScript": null,
			"pathVariables": {},
			"method": "GET",
			"data": null,
			"dataMode": "params",
			"version": 2,
			"tests": "tests[\"Status code is 200\"] = responseCode.code === 200;\n\nif (postman.getResponseHeader('Authorization')) {\n    try {\n        var a = postman.getResponseHeader('Authorization');\n        var t = a.substring(a.indexOf(' ') + 1);\n        if (t) {\n            postman.setGlobalVariable('paymentAuthToken', t);\n        }\n    } catch (e) {\n        console.log(e);\n    }\n}",
			"currentHelper": "normal",
			"helperAttributes": {},
			"time": 1486747261063,
			"name": "Channel->index",
			"description": "",
			"collectionId": "de0dee2a-edda-048b-ef3c-349235c9e823",
			"responses": []
		},
		{
			"id": "0cdb46e9-6fe5-4ba4-450b-f74d01421978",
			"headers": "Content-Type: application/json\nAccept: application/json\nAuthorization: Bearer {{paymentAuthToken}}\n",
			"url": "{{host}}/api/v1/payment/profile/D1527368-E908-43E8-AF6C-CE1F7EBD4D83?XDEBUG_SESSION_START=PHPSTORM",
			"preRequestScript": null,
			"pathVariables": {},
			"method": "GET",
			"data": [],
			"dataMode": "raw",
			"version": 2,
			"tests": "tests[\"Status code is 200\"] = responseCode.code === 200;\n\nif (postman.getResponseHeader('Authorization')) {\n    try {\n        var a = postman.getResponseHeader('Authorization');\n        var t = a.substring(a.indexOf(' ') + 1);\n        if (t) {\n            postman.setGlobalVariable('paymentAuthToken', t);\n        }\n    } catch (e) {\n        console.log(e);\n    }\n}",
			"currentHelper": "normal",
			"helperAttributes": {},
			"time": 1486747783432,
			"name": "Profile->show",
			"description": "",
			"collectionId": "de0dee2a-edda-048b-ef3c-349235c9e823",
			"responses": [],
			"rawModeData": ""
		},
		{
			"id": "0fd42c0b-011c-28c7-b55a-3ac3be3cd638",
			"headers": "Content-Type: application/json\nAccept: application/json\n",
			"url": "{{host}}/authenticate?XDEBUG_SESSION_START=PHPSTORM",
			"preRequestScript": null,
			"pathVariables": {},
			"method": "POST",
			"data": [],
			"dataMode": "raw",
			"version": 2,
			"tests": "tests[\"Status code is 200\"] = responseCode.code === 200;\n\nif (responseCode.code === 200) {\n    try {\n        var r = JSON.parse(responseBody);\n    } catch (e) {\n        console.log(e);\n    }\n    \n    postman.setGlobalVariable('paymentAuthToken', r.token);\n}",
			"currentHelper": "normal",
			"helperAttributes": {},
			"time": 1486745858518,
			"name": "authenticate",
			"description": "",
			"collectionId": "de0dee2a-edda-048b-ef3c-349235c9e823",
			"responses": [],
			"rawModeData": "{\n\t\"username\": \"postman-test\",\n\t\"password\": \"password\"\n}"
		},
		{
			"id": "117fb8ca-cdf8-4e2d-9dae-1362d6955829",
			"headers": "Content-Type: application/json\nAccept: application/json\nAuthorization: Bearer {{paymentAuthToken}}\n",
			"url": "{{host}}/api/v1/payment/processor/86167C86-95A7-463F-836C-56D347836498/currency?XDEBUG_SESSION_START=PHPSTORM",
			"preRequestScript": null,
			"pathVariables": {},
			"method": "POST",
			"data": [],
			"dataMode": "raw",
			"version": 2,
			"tests": "tests[\"Status code is 200\"] = responseCode.code === 200;\n\nif (postman.getResponseHeader('Authorization')) {\n    try {\n        var a = postman.getResponseHeader('Authorization');\n        var t = a.substring(a.indexOf(' ') + 1);\n        if (t) {\n            postman.setGlobalVariable('paymentAuthToken', t);\n        }\n    } catch (e) {\n        console.log(e);\n    }\n}",
			"currentHelper": "normal",
			"helperAttributes": {},
			"time": 1486746928891,
			"name": "ProcessorCurrency->store",
			"description": "",
			"collectionId": "de0dee2a-edda-048b-ef3c-349235c9e823",
			"responses": [],
			"rawModeData": "{\n\t\"iso_code\": \"USD\"\n}"
		},
		{
			"id": "1e543465-2c41-9473-724e-f12b3cc47dcb",
			"headers": "Content-Type: application/json\nAccept: application/json\nAuthorization: Bearer {{paymentAuthToken}}\n",
			"url": "{{host}}/api/v1/payment/transaction?XDEBUG_SESSION_START=PHPSTORM",
			"preRequestScript": null,
			"pathVariables": {},
			"method": "POST",
			"data": [],
			"dataMode": "raw",
			"tests": "tests[\"Status code is 200\"] = responseCode.code === 200;\n\nif (postman.getResponseHeader('Authorization')) {\n    try {\n        var a = postman.getResponseHeader('Authorization');\n        var t = a.substring(a.indexOf(' ') + 1);\n        if (t) {\n            postman.setGlobalVariable('paymentAuthToken', t);\n        }\n    } catch (e) {\n        console.log(e);\n    }\n}",
			"currentHelper": "normal",
			"helperAttributes": {},
			"time": 1486749752148,
			"name": "Transaction->store",
			"description": "",
			"collectionId": "de0dee2a-edda-048b-ef3c-349235c9e823",
			"responses": [],
			"rawModeData": "{\n\t\"profile\": {\"id\": \"2CCE00EF-07F2-4F6D-B6CB-320AEF7489B0\"},\n\t\"invoice\": {\"id\": \"21\"},\n\t\"reservation\": {\"id\": \"22\"},\n\t\"type\": \"auth\",\n\t\"amount\": 100,\n\t\"currency\": \"USD\",\n\t\"descriptor\": \"descriptor\",\n\t\"processor\": {\"id\": \"C5C4743C-3A0B-472F-94C9-75FE02746C7E\"},\n\t\"payment_channel\": {\"id\": \"EC6B7714-3CF0-46D3-B944-858D0A04661E\"},\n\t\"first_name\": \"first\",\n\t\"last_name\": \"last\",\n\t\"mobile\": \"6025551212\",\n\t\"email\": \"no@1.com\",\n\t\"birth_date\": \"1978-09-25\",\n\t\"time_on_file\": \"2015-10-14\",\n\t\"driver_license\": \"D12345678\"\n}"
		},
		{
			"id": "25a90834-62d6-928d-18e1-821f333c8480",
			"headers": "Content-Type: application/json\nAccept: application/json\nAuthorization: Bearer {{paymentAuthToken}}\n",
			"url": "{{host}}/api/v1/payment/profile?XDEBUG_SESSION_START=PHPSTORM",
			"preRequestScript": null,
			"pathVariables": {},
			"method": "POST",
			"data": [],
			"dataMode": "raw",
			"version": 2,
			"tests": "tests[\"Status code is 201\"] = responseCode.code === 201;\n\nif (postman.getResponseHeader('Authorization')) {\n    try {\n        var a = postman.getResponseHeader('Authorization');\n        var t = a.substring(a.indexOf(' ') + 1);\n        if (t) {\n            postman.setGlobalVariable('paymentAuthToken', t);\n        }\n    } catch (e) {\n        console.log(e);\n    }\n}",
			"currentHelper": "normal",
			"helperAttributes": {},
			"time": 1486747746094,
			"name": "Profile->store",
			"description": "",
			"collectionId": "de0dee2a-edda-048b-ef3c-349235c9e823",
			"responses": [],
			"rawModeData": "{\n\t\"provider\": {\"id\": \"130366DE-DBAD-4073-A164-847860A7F4E9\"},\n\t\"user\": {\"id\": \"FF9AD127-A269-4566-B542-51648F158DBE\"},\n\t\"token\" : \"8a829449511b7ef701511c3b0ccc037f\",\n\t\"bin\": \"411111\",\n\t\"last4\": \"1111\",\n\t\"exp_month\": 1,\n\t\"exp_year\": 2020,\n\t\"card_brand\": \"VISA\",\n\t\"default\": true\n}"
		},
		{
			"id": "2762c2a4-8517-8d2c-5caa-26e86df2f21f",
			"headers": "Content-Type: application/json\nAccept: application/json\nAuthorization: Bearer {{paymentAuthToken}}\n",
			"url": "{{host}}/api/v1/payment/profile/BCBFC953-A8F4-423D-8564-FD8E2FBB518C?XDEBUG_SESSION_START=PHPSTORM",
			"preRequestScript": null,
			"pathVariables": {},
			"method": "PUT",
			"data": [],
			"dataMode": "raw",
			"version": 2,
			"tests": "tests[\"Status code is 201\"] = responseCode.code === 201;\n\nif (postman.getResponseHeader('Authorization')) {\n    try {\n        var a = postman.getResponseHeader('Authorization');\n        var t = a.substring(a.indexOf(' ') + 1);\n        if (t) {\n            postman.setGlobalVariable('paymentAuthToken', t);\n        }\n    } catch (e) {\n        console.log(e);\n    }\n}",
			"currentHelper": "normal",
			"helperAttributes": {},
			"time": 1486747819488,
			"name": "Profile->update",
			"description": "",
			"collectionId": "de0dee2a-edda-048b-ef3c-349235c9e823",
			"responses": [],
			"rawModeData": "{\n\t\"provider\": {\"id\": \"FE3BAD0C-814F-4D84-BBD6-09DE64531E2A\"},\n\t\"user\": {\"id\": \"FF9AD127-A269-4566-B542-51648F158DBE\"},\n\t\"token\" : \"8a829449511b7ef701511c3b0ccc037f\",\n\t\"bin\": \"411111\",\n\t\"last4\": \"1111\",\n\t\"exp_month\": 1,\n\t\"exp_year\": 2020,\n\t\"card_brand\": \"VISA\",\n\t\"default\": true\n}"
		},
		{
			"id": "4afa4f9f-99cb-810f-2f08-528c9f377b5e",
			"headers": "Content-Type: application/json\nAccept: application/json\nAuthorization: Bearer {{paymentAuthToken}}\n",
			"url": "{{host}}/api/v1/payment/processor/C5C4743C-3A0B-472F-94C9-75FE02746C7E?XDEBUG_SESSION_START=PHPSTORM",
			"preRequestScript": null,
			"pathVariables": {},
			"method": "GET",
			"data": [],
			"dataMode": "raw",
			"tests": "tests[\"Status code is 200\"] = responseCode.code === 200;\n\nif (postman.getResponseHeader('Authorization')) {\n    try {\n        var a = postman.getResponseHeader('Authorization');\n        var t = a.substring(a.indexOf(' ') + 1);\n        if (t) {\n            postman.setGlobalVariable('paymentAuthToken', t);\n        }\n    } catch (e) {\n        console.log(e);\n    }\n}",
			"currentHelper": "normal",
			"helperAttributes": {},
			"time": 1486746730315,
			"name": "Processor->show",
			"description": "",
			"collectionId": "de0dee2a-edda-048b-ef3c-349235c9e823",
			"responses": [],
			"rawModeData": "{\n\t\"name\": \"Maven\",\n\t\"provider\": {\"id\": \"5792F868-71F5-4633-9961-3693D0A5C525\"},\n\t\"username\": \"xyz\",\n\t\"password\": \"abc\"\n}"
		},
		{
			"id": "57948da2-8d40-9dc9-bef4-44fe06d9852b",
			"headers": "Content-Type: application/json\nAccept: application/json\nAuthorization: Bearer {{paymentAuthToken}}\n",
			"url": "{{host}}/api/v1/payment/processor/86167C86-95A7-463F-836C-56D347836498?XDEBUG_SESSION_START=PHPSTORM",
			"preRequestScript": null,
			"pathVariables": {},
			"method": "PUT",
			"data": [],
			"dataMode": "raw",
			"tests": "tests[\"Status code is 200\"] = responseCode.code === 200;\n\nif (postman.getResponseHeader('Authorization')) {\n    try {\n        var a = postman.getResponseHeader('Authorization');\n        var t = a.substring(a.indexOf(' ') + 1);\n        if (t) {\n            postman.setGlobalVariable('paymentAuthToken', t);\n        }\n    } catch (e) {\n        console.log(e);\n    }\n}",
			"currentHelper": "normal",
			"helperAttributes": {},
			"time": 1486746888618,
			"name": "Processor->update",
			"description": "",
			"collectionId": "de0dee2a-edda-048b-ef3c-349235c9e823",
			"responses": [],
			"rawModeData": "{\n\t\"name\": \"Maven\",\n\t\"provider\": {\"id\": \"130366DE-DBAD-4073-A164-847860A7F4E9\"},\n\t\"username\": \"wxyz\",\n\t\"password\": \"abcd\",\n\t\"sandbox\": 1\n}"
		},
		{
			"id": "60a09c71-7ce0-d310-b158-a937af2af82e",
			"headers": "Content-Type: application/json\nAccept: application/json\nAuthorization: Bearer {{paymentAuthToken}}\n",
			"url": "{{host}}/api/v1/payment/processor/86167C86-95A7-463F-836C-56D347836498/currency?XDEBUG_SESSION_START=PHPSTORM",
			"preRequestScript": null,
			"pathVariables": {},
			"method": "DELETE",
			"data": [],
			"dataMode": "raw",
			"version": 2,
			"tests": "tests[\"Status code is 200\"] = responseCode.code === 200;\n\nif (postman.getResponseHeader('Authorization')) {\n    try {\n        var a = postman.getResponseHeader('Authorization');\n        var t = a.substring(a.indexOf(' ') + 1);\n        if (t) {\n            postman.setGlobalVariable('paymentAuthToken', t);\n        }\n    } catch (e) {\n        console.log(e);\n    }\n}",
			"currentHelper": "normal",
			"helperAttributes": {},
			"time": 1486747161622,
			"name": "ProcessorCurrency->destroy",
			"description": "",
			"collectionId": "de0dee2a-edda-048b-ef3c-349235c9e823",
			"responses": [],
			"rawModeData": "{\n\t\"iso_code\": \"CADD\"\n}"
		},
		{
			"id": "771f0293-da7b-e595-e6cf-ec23e5fa8845",
			"headers": "Content-Type: application/json\nAccept: applicatino/json\nAuthorization: Bearer {{paymentAuthToken}}\n",
			"url": "{{host}}/api/v1/payment/processor/C5C4743C-3A0B-472F-94C9-75FE02746C7E/channel/2D3C8683-85ED-4E6E-9C71-9242932911B5?XDEBUG_SESSION_START=PHPSTORM",
			"preRequestScript": null,
			"pathVariables": {},
			"method": "PUT",
			"data": [],
			"dataMode": "raw",
			"version": 2,
			"tests": "tests[\"Status code is 200\"] = responseCode.code === 200;\n\nif (postman.getResponseHeader('Authorization')) {\n    try {\n        var a = postman.getResponseHeader('Authorization');\n        var t = a.substring(a.indexOf(' ') + 1);\n        if (t) {\n            postman.setGlobalVariable('paymentAuthToken', t);\n        }\n    } catch (e) {\n        console.log(e);\n    }\n}",
			"currentHelper": "normal",
			"helperAttributes": {},
			"time": 1486747421650,
			"name": "Channel->update",
			"description": "",
			"collectionId": "de0dee2a-edda-048b-ef3c-349235c9e823",
			"responses": [],
			"rawModeData": "{\n\t\"name\": \"New York\",\n\t\"channel\": \"8a82941752353ee501523610390d18b6\",\n\t\"status\": 0\n}"
		},
		{
			"id": "794e0427-7d68-0ea7-f137-bdad59136c0a",
			"headers": "Authorization: Bearer {{paymentAuthToken}}\n",
			"url": "{{host}}/api/v1/payment/provider/130366DE-DBAD-4073-A164-847860A7F4E9?XDEBUG_SESSION_START=PHPSTORM",
			"preRequestScript": null,
			"pathVariables": {},
			"method": "GET",
			"data": null,
			"dataMode": "params",
			"version": 2,
			"tests": "tests[\"Status code is 200\"] = responseCode.code === 200;\n\nif (postman.getResponseHeader('Authorization')) {\n    try {\n        var a = postman.getResponseHeader('Authorization');\n        var t = a.substring(a.indexOf(' ') + 1);\n        if (t) {\n            postman.setGlobalVariable('paymentAuthToken', t);\n        }\n    } catch (e) {\n        console.log(e);\n    }\n}",
			"currentHelper": "normal",
			"helperAttributes": {},
			"time": 1486746699794,
			"name": "Provider->show",
			"description": "",
			"collectionId": "de0dee2a-edda-048b-ef3c-349235c9e823",
			"responses": []
		},
		{
			"id": "801ec1ac-6625-d8c1-478a-83854a4d357d",
			"headers": "Content-Type: application/x-www-form-urlencoded; charset=UTF-8\n",
			"url": "https://test.oppwa.com/v1/checkouts/{{paymentUserCheckoutId}}",
			"preRequestScript": "",
			"pathVariables": {},
			"method": "POST",
			"data": [],
			"dataMode": "raw",
			"tests": "",
			"currentHelper": "normal",
			"helperAttributes": {},
			"time": 1484001691272,
			"name": "ProfileScript->CC\#",
			"description": "",
			"collectionId": "de0dee2a-edda-048b-ef3c-349235c9e823",
			"responses": [
				{
					"owner": "199939",
					"lastUpdatedBy": "199939",
					"lastRevision": 81324642,
					"request": {
						"name": "Enroll: Step 2.1 CC\#",
						"description": "",
						"url": "https://test.oppwa.com/v1/checkouts/EEBA490591897CEB43C4C5245144AB84.sbg-vm-tx01",
						"pathVariables": {},
						"data": "card.number=4200000000000000",
						"headers": "Content-Type: application/x-www-form-urlencoded; charset=UTF-8\n",
						"dataMode": "raw",
						"method": "POST",
						"tests": "",
						"isFromCollection": true,
						"version": 2
					},
					"id": "79dacd34-b5fa-cd34-ca3f-fd99d02e4b3b",
					"name": "sampleResponse",
					"status": "",
					"responseCode": {
						"code": 200,
						"name": "OK",
						"detail": "Standard response for successful HTTP requests. The actual response will depend on the request method used. In a GET request, the response will contain an entity corresponding to the requested resource. In a POST request the response will contain an entity describing or containing the result of the action."
					},
					"time": "924",
					"headers": [
						{
							"name": "Access-Control-Allow-Credentials",
							"key": "Access-Control-Allow-Credentials",
							"value": "true",
							"description": "Indicates whether or not the response to the request can be exposed when the credentials flag is true. When used as part of a response to a preflight request, this indicates whether or not the actual request can be made using credentials."
						},
						{
							"name": "Access-Control-Allow-Origin",
							"key": "Access-Control-Allow-Origin",
							"value": "*",
							"description": "Specifies a URI that may access the resource. For requests without credentials, the server may specify '*' as a wildcard, thereby allowing any origin to access the resource."
						},
						{
							"name": "Connection",
							"key": "Connection",
							"value": "Keep-Alive",
							"description": "Options that are desired for the connection"
						},
						{
							"name": "Content-Type",
							"key": "Content-Type",
							"value": "application/json",
							"description": "The mime type of this content"
						},
						{
							"name": "Date",
							"key": "Date",
							"value": "Wed, 04 Nov 2015 19:25:58 GMT",
							"description": "The date and time that the message was sent"
						},
						{
							"name": "Keep-Alive",
							"key": "Keep-Alive",
							"value": "timeout=5, max=100",
							"description": "Custom header"
						},
						{
							"name": "Server",
							"key": "Server",
							"value": "Microsoft-IIS/8.5",
							"description": "A name for the server"
						},
						{
							"name": "Strict-Transport-Security",
							"key": "Strict-Transport-Security",
							"value": "max-age=63072000; includeSubdomains; preload",
							"description": "A HSTS Policy informing the HTTP client how long to cache the HTTPS only policy and whether this applies to subdomains."
						},
						{
							"name": "Transfer-Encoding",
							"key": "Transfer-Encoding",
							"value": "chunked",
							"description": "The form of encoding used to safely transfer the entity to the user. Currently defined methods are: chunked, compress, deflate, gzip, identity."
						},
						{
							"name": "X-Application-WAF-Action",
							"key": "X-Application-WAF-Action",
							"value": "allow",
							"description": "Custom header"
						},
						{
							"name": "X-Content-Type-Options",
							"key": "X-Content-Type-Options",
							"value": "nosniff",
							"description": "The only defined value, \"nosniff\", prevents Internet Explorer from MIME-sniffing a response away from the declared content-type"
						},
						{
							"name": "X-XSS-Protection",
							"key": "X-XSS-Protection",
							"value": "1; mode=block",
							"description": "Cross-site scripting (XSS) filter"
						}
					],
					"cookies": [],
					"mime": "",
					"text": "{\"result\":{\"code\":\"000.200.101\",\"description\":\"successfully updated checkout\"},\"buildNumber\":\"620144b27246901691703223ffee709d4264d05c@2015-11-03 13:13:26 +0000\",\"timestamp\":\"2015-11-04 19:25:58+0000\",\"ndc\":\"EEBA490591897CEB43C4C5245144AB84.sbg-vm-tx01\"}",
					"language": "javascript",
					"rawDataType": "text",
					"state": {
						"size": "normal"
					},
					"previewType": "html",
					"searchResultScrolledTo": "-1",
					"version": null,
					"requestObject": "{\"name\":\"Enroll: Step 2.1 CC\#\",\"description\":\"\",\"url\":\"https://test.oppwa.com/v1/checkouts/EEBA490591897CEB43C4C5245144AB84.sbg-vm-tx01\",\"pathVariables\":{},\"data\":\"card.number=4200000000000000\",\"headers\":\"Content-Type: application/x-www-form-urlencoded; charset=UTF-8\\n\",\"dataMode\":\"raw\",\"method\":\"POST\",\"tests\":\"\",\"isFromCollection\":true,\"version\":2}",
					"createdAt": "2015-11-13T16:57:05.000Z",
					"updatedAt": "2015-11-13T16:57:06.000Z",
					"write": true
				}
			],
			"rawModeData": "card.number=4200000000000000"
		},
		{
			"id": "8cc1813a-11a3-ddc1-28b5-befe7f483f67",
			"headers": "Authorization: Bearer {{paymentAuthToken}}\nAccept: application/json\n",
			"url": "{{host}}/api/v1/payment/profile?XDEBUG_SESSION_START=PHPSTORM",
			"preRequestScript": null,
			"pathVariables": {},
			"method": "GET",
			"data": null,
			"dataMode": "params",
			"version": 2,
			"tests": "tests[\"Status code is 200\"] = responseCode.code === 200;\n\nif (postman.getResponseHeader('Authorization')) {\n    try {\n        var a = postman.getResponseHeader('Authorization');\n        var t = a.substring(a.indexOf(' ') + 1);\n        if (t) {\n            postman.setGlobalVariable('paymentAuthToken', t);\n        }\n    } catch (e) {\n        console.log(e);\n    }\n}",
			"currentHelper": "normal",
			"helperAttributes": {},
			"time": 1486747467701,
			"name": "Profile->index",
			"description": "",
			"collectionId": "de0dee2a-edda-048b-ef3c-349235c9e823",
			"responses": []
		},
		{
			"id": "8e47495f-ecf3-2f96-715f-e869813cbec8",
			"headers": "Content-Type: application/json\nAccept: applicatino/json\nAuthorization: Bearer {{paymentAuthToken}}\n",
			"url": "{{host}}/api/v1/payment/processor/C5C4743C-3A0B-472F-94C9-75FE02746C7E/channel/0FFB54A5-C298-4A05-9C2B-919602C91EBB?XDEBUG_SESSION_START=PHPSTORM",
			"preRequestScript": null,
			"pathVariables": {},
			"method": "GET",
			"data": [],
			"dataMode": "raw",
			"version": 2,
			"tests": "tests[\"Status code is 200\"] = responseCode.code === 200;\n\nif (postman.getResponseHeader('Authorization')) {\n    try {\n        var a = postman.getResponseHeader('Authorization');\n        var t = a.substring(a.indexOf(' ') + 1);\n        if (t) {\n            postman.setGlobalVariable('paymentAuthToken', t);\n        }\n    } catch (e) {\n        console.log(e);\n    }\n}",
			"currentHelper": "normal",
			"helperAttributes": {},
			"time": 1486747339908,
			"name": "Channel->show",
			"description": "",
			"collectionId": "de0dee2a-edda-048b-ef3c-349235c9e823",
			"responses": [],
			"rawModeData": ""
		},
		{
			"id": "93474146-9ff6-c054-055e-4f68fe5e840e",
			"headers": "Content-Type: application/json\nAccept: application/json\nAuthorization: Bearer {{paymentAuthToken}}\n",
			"url": "{{host}}/api/v1/payment/profilescript/{{paymentScriptGuid}}/status?XDEBUG_SESSION_START=PHPSTORM",
			"preRequestScript": null,
			"pathVariables": {},
			"method": "GET",
			"data": [],
			"dataMode": "raw",
			"version": 2,
			"tests": "tests[\"Status code is 200\"] = responseCode.code === 200;\n\nif (postman.getResponseHeader('Authorization')) {\n    try {\n        var a = postman.getResponseHeader('Authorization');\n        var t = a.substring(a.indexOf(' ') + 1);\n        if (t) {\n            postman.setGlobalVariable('paymentAuthToken', t);\n        }\n    } catch (e) {\n        console.log(e);\n    }\n}",
			"currentHelper": "normal",
			"helperAttributes": {},
			"time": 1486749357242,
			"name": "ProfileScript->status",
			"description": "",
			"collectionId": "de0dee2a-edda-048b-ef3c-349235c9e823",
			"responses": [],
			"rawModeData": ""
		},
		{
			"id": "934bfd03-c383-5179-e9b3-4cfc144d62d0",
			"headers": "Content-Type: application/json\nAccept: application/json\nAuthorization: Bearer {{paymentAuthToken}}\n",
			"url": "{{host}}/api/v1/payment/transaction?XDEBUG_SESSION_START=PHPSTORM",
			"preRequestScript": null,
			"pathVariables": {},
			"method": "GET",
			"data": [],
			"dataMode": "raw",
			"version": 2,
			"tests": "tests[\"Status code is 200\"] = responseCode.code === 200;\n\nif (postman.getResponseHeader('Authorization')) {\n    try {\n        var a = postman.getResponseHeader('Authorization');\n        var t = a.substring(a.indexOf(' ') + 1);\n        if (t) {\n            postman.setGlobalVariable('paymentAuthToken', t);\n        }\n    } catch (e) {\n        console.log(e);\n    }\n}",
			"currentHelper": "normal",
			"helperAttributes": {},
			"time": 1486749509934,
			"name": "Transaction->index",
			"description": "",
			"collectionId": "de0dee2a-edda-048b-ef3c-349235c9e823",
			"responses": [],
			"rawModeData": ""
		},
		{
			"id": "97ab8958-3a5a-118b-04a3-db2c4df17ca5",
			"headers": "Content-Type: application/json\nAccept: application/json\nAuthorization: Bearer {{paymentAuthToken}}\n",
			"url": "{{host}}/api/v1/payment/profilescript?XDEBUG_SESSION_START=PHPSTORM",
			"preRequestScript": null,
			"pathVariables": {},
			"method": "POST",
			"data": [],
			"dataMode": "raw",
			"version": 2,
			"tests": "tests[\"Status code is 201\"] = responseCode.code === 201;\n\nif (responseCode.code === 201) {\n    try {\n        var r = JSON.parse(responseBody);\n        if (r.status === \"error\") {\n            return;\n        }\n    } catch (e) {\n        console.log(e);\n    }\n    \n    postman.setGlobalVariable('paymentScriptGuid', r.data.id);\n    postman.setGlobalVariable('paymentUserGuid', r.data.user.id);\n    postman.setGlobalVariable('paymentUserScriptUrl', r.data.script_url);\n    postman.setGlobalVariable('paymentUserCheckoutId', r.data.script_url.substring(r.data.script_url.indexOf('=') + 1));\n}\n\nif (postman.getResponseHeader('Authorization')) {\n    try {\n        var a = postman.getResponseHeader('Authorization');\n        var t = a.substring(a.indexOf(' ') + 1);\n        if (t) {\n            postman.setGlobalVariable('paymentAuthToken', t);\n        }\n    } catch (e) {\n        console.log(e);\n    }\n}",
			"currentHelper": "normal",
			"helperAttributes": {},
			"time": 1486748743867,
			"name": "ProfileScript->store",
			"description": "",
			"collectionId": "de0dee2a-edda-048b-ef3c-349235c9e823",
			"responses": [],
			"rawModeData": "{\n\t\"payment_channel\": {\"id\": \"471C9920-E4E0-4346-8924-565DC5839481\"},\n\t\"user\": {\"id\": \"FF9AD127-A269-4566-B542-51648F158DBE\"},\n\t\"processor\": {\"id\": \"C5C4743C-3A0B-472F-94C9-75FE02746C7E\"}\n}"
		},
		{
			"id": "acaa2daa-0009-93de-10fb-f6a634fde608",
			"headers": "Content-Type: application/x-www-form-urlencoded; charset=UTF-8\n",
			"url": "https://test.oppwa.com/v1/checkouts/{{paymentUserCheckoutId}}",
			"preRequestScript": "",
			"pathVariables": {},
			"method": "POST",
			"data": [],
			"dataMode": "raw",
			"tests": "",
			"currentHelper": "normal",
			"helperAttributes": {},
			"time": 1484001700940,
			"name": "ProfileScript->CVV",
			"description": "",
			"collectionId": "de0dee2a-edda-048b-ef3c-349235c9e823",
			"rawModeData": "card.cvv=123"
		},
		{
			"id": "ae613beb-00c5-5637-5793-403ed08e5ba7",
			"headers": "Content-Type: application/json\nAccept: application/json\nAuthorization: Bearer {{paymentAuthToken}}\n",
			"url": "{{host}}/api/v1/payment/transaction/04A139F5-3CB4-4F40-A809-A674780076BA?XDEBUG_SESSION_START=PHPSTORM",
			"preRequestScript": null,
			"pathVariables": {},
			"method": "GET",
			"data": [],
			"dataMode": "raw",
			"version": 2,
			"tests": "tests[\"Status code is 200\"] = responseCode.code === 200;\n\nif (postman.getResponseHeader('Authorization')) {\n    try {\n        var a = postman.getResponseHeader('Authorization');\n        var t = a.substring(a.indexOf(' ') + 1);\n        if (t) {\n            postman.setGlobalVariable('paymentAuthToken', t);\n        }\n    } catch (e) {\n        console.log(e);\n    }\n}",
			"currentHelper": "normal",
			"helperAttributes": {},
			"time": 1486749801944,
			"name": "Transaction->show",
			"description": "",
			"collectionId": "de0dee2a-edda-048b-ef3c-349235c9e823",
			"responses": [],
			"rawModeData": ""
		},
		{
			"id": "cbf3e9d9-bb93-d215-7240-e867c0ebce69",
			"headers": "Authorization: Bearer {{paymentAuthToken}}\n",
			"url": "{{host}}/api/v1/payment/provider?XDEBUG_SESSION_START=PHPSTORM",
			"preRequestScript": null,
			"pathVariables": {},
			"method": "GET",
			"data": null,
			"dataMode": "params",
			"version": 2,
			"tests": "tests[\"Status code is 200\"] = responseCode.code === 200;\n\nif (postman.getResponseHeader('Authorization')) {\n    try {\n        var a = postman.getResponseHeader('Authorization');\n        var t = a.substring(a.indexOf(' ') + 1);\n        if (t) {\n            postman.setGlobalVariable('paymentAuthToken', t);\n        }\n    } catch (e) {\n        console.log(e);\n    }\n}",
			"currentHelper": "normal",
			"helperAttributes": {},
			"time": 1486746703474,
			"name": "Provider->index",
			"description": "",
			"collectionId": "de0dee2a-edda-048b-ef3c-349235c9e823",
			"responses": []
		},
		{
			"id": "cd6a5172-e51c-709c-7fa3-8bdd83c59aad",
			"headers": "Content-Type: application/json\nAccept: applicatino/json\nAuthorization: Bearer {{paymentAuthToken}}\n",
			"url": "{{host}}/api/v1/payment/processor/C5C4743C-3A0B-472F-94C9-75FE02746C7E/channel?XDEBUG_SESSION_START=PHPSTORM",
			"preRequestScript": null,
			"pathVariables": {},
			"method": "POST",
			"data": [],
			"dataMode": "raw",
			"version": 2,
			"tests": "tests[\"Status code is 201\"] = responseCode.code === 201;\n\nif (postman.getResponseHeader('Authorization')) {\n    try {\n        var a = postman.getResponseHeader('Authorization');\n        var t = a.substring(a.indexOf(' ') + 1);\n        if (t) {\n            postman.setGlobalVariable('paymentAuthToken', t);\n        }\n    } catch (e) {\n        console.log(e);\n    }\n}",
			"currentHelper": "normal",
			"helperAttributes": {},
			"time": 1486747394386,
			"name": "Channel->store",
			"description": "",
			"collectionId": "de0dee2a-edda-048b-ef3c-349235c9e823",
			"responses": [],
			"rawModeData": "{\n\t\"name\": \"New York\",\n\t\"channel\": \"8a82941752353ee501523610390d18b6\",\n\t\"status\": 1\n}"
		},
		{
			"id": "ddcb203e-548a-ba50-e9ab-c435801d6550",
			"headers": "Content-Type: application/x-www-form-urlencoded; charset=UTF-8\n",
			"url": "https://test.oppwa.com/v1/checkouts/{{paymentUserCheckoutId}}/payment",
			"preRequestScript": "",
			"pathVariables": {},
			"method": "POST",
			"data": [],
			"dataMode": "raw",
			"tests": "",
			"currentHelper": "normal",
			"helperAttributes": {},
			"time": 1484001708836,
			"name": "ProfileScript->CardData",
			"description": "",
			"collectionId": "de0dee2a-edda-048b-ef3c-349235c9e823",
			"rawModeData": "paymentBrand=VISA&card.holder=no+no&createRegistration=true&shopperResultUrl=http%3A%2F%2Flocalhost%3A3000%2F%23%21%2F&forceUtf8=%26%239760%3B&card.expiryMonth=09&card.expiryYear=2025"
		},
		{
			"id": "e9381c00-d0ad-96e2-5996-bd1d4c70189b",
			"headers": "Content-Type: application/json\nAccept: application/json\nAuthorization: Bearer {{paymentAuthToken}}\n",
			"url": "{{host}}/api/v1/payment/processor?XDEBUG_SESSION_START=PHPSTORM",
			"preRequestScript": null,
			"pathVariables": {},
			"method": "GET",
			"data": [],
			"dataMode": "raw",
			"version": 2,
			"tests": "tests[\"Status code is 200\"] = responseCode.code === 200;\n\nif (postman.getResponseHeader('Authorization')) {\n    try {\n        var a = postman.getResponseHeader('Authorization');\n        var t = a.substring(a.indexOf(' ') + 1);\n        if (t) {\n            postman.setGlobalVariable('paymentAuthToken', t);\n        }\n    } catch (e) {\n        console.log(e);\n    }\n}",
			"currentHelper": "normal",
			"helperAttributes": {},
			"time": 1486746689290,
			"name": "Processor->index",
			"description": "",
			"collectionId": "de0dee2a-edda-048b-ef3c-349235c9e823",
			"responses": [],
			"rawModeData": "{\n\t\"name\": \"Maven\",\n\t\"provider\": {\"id\": \"5792F868-71F5-4633-9961-3693D0A5C525\"},\n\t\"username\": \"xyz\",\n\t\"password\": \"abc\"\n}"
		},
		{
			"id": "f04916ba-88c0-5c23-74fd-91f3834cedd7",
			"headers": "Content-Type: application/json\nAccept: application/json\nAuthorization: Bearer {{paymentAuthToken}}\n",
			"url": "{{host}}/api/v1/payment/processor?XDEBUG_SESSION_START=PHPSTORM",
			"preRequestScript": null,
			"pathVariables": {},
			"method": "POST",
			"data": [],
			"dataMode": "raw",
			"tests": "tests[\"Status code is 200\"] = responseCode.code === 200;\n\nif (postman.getResponseHeader('Authorization')) {\n    try {\n        var a = postman.getResponseHeader('Authorization');\n        var t = a.substring(a.indexOf(' ') + 1);\n        if (t) {\n            postman.setGlobalVariable('paymentAuthToken', t);\n        }\n    } catch (e) {\n        console.log(e);\n    }\n}",
			"currentHelper": "normal",
			"helperAttributes": {},
			"time": 1486746764018,
			"name": "Processor->store",
			"description": "",
			"collectionId": "de0dee2a-edda-048b-ef3c-349235c9e823",
			"responses": [],
			"rawModeData": "{\n\t\"name\": \"Maven\",\n\t\"provider\": {\"id\": \"130366DE-DBAD-4073-A164-847860A7F4E9\"},\n\t\"username\": \"8a82941752353ee501523606289515a9\",\n\t\"password\": \"9bcFcEMw\",\n\t\"sandbox\": 1,\n\t\"status\": 1\n}"
		}
	]
}