{
    "swagger": "2.0",
    "info": {
        "title": "gm-uas-services-billingandpayment-payment",
        "version": "1.0.0"
    },
    "host": "gm-uas-services-billingandpayment-payment.gm.com:8000",
    "basePath": "/api",
    "schemes": [
        "http"
    ],
    "consumes": [
        "application/json"
    ],
    "produces": [
        "application/json"
    ],
    "paths": {
        "/api/v1/payment/provider": {
            "get": {
                "summary": "View all providers",
                "operationId": "PaymentProviderController@index",
                "produces": [
                    "application/json"
                ],
                "responses": {
                    "200": {
                        "description": "Return a list of payment providers",
                        "schema": {
                            "\$ref": "\#/definitions/PaymentProviders"
                        }
                    },
                    "404": {
                        "description": "Provider not found"
                    }
                }
            }
        },
        "/api/v1/payment/provider/{id}": {
            "get": {
                "summary": "View a particular Provider",
                "operationId": "PaymentProviderController@show",
                "produces": [
                    "application/json"
                ],
                "parameters": [
                    {
                        "name": "id",
                        "in": "path",
                        "description": "The guid of a particular provider",
                        "required": true,
                        "type": "string"
                    }
                ],
                "responses": {
                    "200": {
                        "description": "Return a payment provider",
                        "schema": {
                            "\$ref": "\#/definitions/PaymentProvider"
                        }
                    },
                    "404": {
                        "description": "Provider not found"
                    }
                }
            }
        },
        "/api/v1/payment/processor": {
            "get": {
                "summary": "View all processors",
                "operationId": "PaymentProcessorController@index",
                "produces": [
                    "application/json"
                ],
                "responses": {
                    "200": {
                        "description": "Return a list of payment processors",
                        "schema": {
                            "\$ref": "\#/definitions/PaymentProcessors"
                        }
                    },
                    "404": {
                        "description": "Provider not found"
                    }
                }
            },
            "post": {
                "summary": "View a particular processor",
                "operationId": "PaymentProcessorController@store",
                "consumes": [
                    "application/json"
                ],
                "produces": [
                    "application/json"
                ],
                "parameters": [
                    {
                        "name": "processor",
                        "in": "body",
                        "required": true,
                        "schema": {
                            "properties": {
                                "name": {
                                    "description": "Name of the processor account",
                                    "type": "string",
                                    "format": "string"
                                },
                                "provider": {
                                    "description": "Payment Provider",
                                    "properties": {
                                        "id": {
                                            "type": "string",
                                            "pattern": "/^[0-9A-F]{8}-[0-9A-F]{4}-[0-9A-F]{4}-[0-9A-F]{4}-[0-9A-F]{12}\$/i"
                                        }
                                    },
                                    "type": "object"
                                },
                                "username": {
                                    "description": "Processor account username",
                                    "type": "string"
                                },
                                "password": {
                                    "description": "Processor account password",
                                    "type": "string",
                                    "format": "password"
                                },
                                "sandbox": {
                                    "description": "Is this account a sandbox/test account",
                                    "type": "boolean"
                                },
                                "status": {
                                    "description": "Processor account status",
                                    "type": "integer"
                                }
                            }
                        }
                    }
                ],
                "responses": {
                    "201": {
                        "description": "Return a payment processor",
                        "schema": {
                            "\$ref": "\#/definitions/PaymentProcessor"
                        }
                    },
                    "400": {
                        "description": "Bad request"
                    }
                }
            }
        },
        "/api/v1/payment/processor/{id}": {
            "get": {
                "summary": "View a particular processor",
                "operationId": "PaymentProcessorController@show",
                "produces": [
                    "application/json"
                ],
                "parameters": [
                    {
                        "name": "id",
                        "in": "path",
                        "description": "The guid of a particular processor",
                        "required": true,
                        "type": "string"
                    }
                ],
                "responses": {
                    "200": {
                        "description": "Return a payment processor",
                        "schema": {
                            "\$ref": "\#/definitions/PaymentProcessor"
                        }
                    },
                    "404": {
                        "description": "Processor not found"
                    }
                }
            },
            "put": {
                "summary": "Update a particular processor",
                "operationId": "PaymentProcessorController@update",
                "produces": [
                    "application/json"
                ],
                "parameters": [
                    {
                        "name": "id",
                        "in": "path",
                        "description": "The guid of a particular processor",
                        "required": true,
                        "type": "string"
                    },
                    {
                        "name": "processor",
                        "in": "body",
                        "required": true,
                        "schema": {
                            "properties": {
                                "name": {
                                    "description": "Name of the processor account",
                                    "type": "string",
                                    "format": "string"
                                },
                                "provider": {
                                    "description": "Payment Provider",
                                    "properties": {
                                        "id": {
                                            "type": "string",
                                            "pattern": "/^[0-9A-F]{8}-[0-9A-F]{4}-[0-9A-F]{4}-[0-9A-F]{4}-[0-9A-F]{12}\$/i"
                                        }
                                    },
                                    "type": "object"
                                },
                                "username": {
                                    "description": "Processor account username",
                                    "type": "string"
                                },
                                "password": {
                                    "description": "Processor account password",
                                    "type": "string",
                                    "format": "password"
                                },
                                "sandbox": {
                                    "description": "Is this account a sandbox/test account",
                                    "type": "boolean"
                                },
                                "status": {
                                    "description": "Processor account status",
                                    "type": "integer"
                                }
                            }
                        }
                    }
                ],
                "responses": {
                    "200": {
                        "description": "Return a payment processor",
                        "schema": {
                            "\$ref": "\#/definitions/PaymentProcessor"
                        }
                    },
                    "404": {
                        "description": "Processor not found"
                    }
                }
            }
        },
        "/api/v1/payment/processor/{id}/currency": {
            "post": {
                "summary": "Add a currency to processor",
                "operationId": "PaymentProcessorController@storeCurrency",
                "consumes": [
                    "application/json"
                ],
                "produces": [
                    "application/json"
                ],
                "parameters": [
                    {
                        "name": "id",
                        "in": "path",
                        "description": "The guid of a particular processor",
                        "required": true,
                        "type": "string",
                        "pattern": "/^[0-9A-F]{8}-[0-9A-F]{4}-[0-9A-F]{4}-[0-9A-F]{4}-[0-9A-F]{12}\$/i"
                    },
                    {
                        "name": "currency",
                        "in": "body",
                        "required": true,
                        "schema": {
                            "properties": {
                                "iso_code": {
                                    "description": "ISO3 currency code",
                                    "type": "string",
                                    "format": "string",
                                    "maxLength": 3,
                                    "minLength": 3,
                                    "pattern": "^[A-Z]{3}\$"
                                }
                            }
                        }
                    }
                ],
                "responses": {
                    "201": {
                        "description": "Success",
                        "schema": {
                            "\$ref": "\#/definitions/PaymentProcessorCurrency"
                        }
                    },
                    "400": {
                        "description": "Bad request"
                    }
                }
            },
            "delete": {
                "summary": "Delete a currency from processor",
                "operationId": "PaymentProcessorController@destroyCurrency",
                "consumes": [
                    "application/json"
                ],
                "produces": [
                    "application/json"
                ],
                "parameters": [
                    {
                        "name": "id",
                        "in": "path",
                        "description": "The guid of a particular processor",
                        "required": true,
                        "type": "string",
                        "pattern": "/^[0-9A-F]{8}-[0-9A-F]{4}-[0-9A-F]{4}-[0-9A-F]{4}-[0-9A-F]{12}\$/i"
                    },
                    {
                        "name": "currency",
                        "in": "body",
                        "required": true,
                        "schema": {
                            "properties": {
                                "iso_code": {
                                    "description": "ISO3 currency code",
                                    "type": "string",
                                    "format": "string",
                                    "maxLength": 3,
                                    "minLength": 3,
                                    "pattern": "^[A-Z]{3}\$"
                                }
                            }
                        }
                    }
                ],
                "responses": {
                    "201": {
                        "description": "Success",
                        "schema": {
                            "\$ref": "\#/definitions/PaymentProcessorCurrency"
                        }
                    },
                    "400": {
                        "description": "Bad request"
                    }
                }
            }
        },
        "/api/v1/payment/processor/{pid}/channel": {
            "get": {
                "summary": "List channels on a payment processor",
                "operationId": "PaymentChannelController@index",
                "consumes": [
                    "application/json"
                ],
                "produces": [
                    "application/json"
                ],
                "parameters": [
                    {
                        "name": "pid",
                        "in": "path",
                        "description": "Processor id",
                        "required": true,
                        "type": "string",
                        "pattern": "/^[0-9A-F]{8}-[0-9A-F]{4}-[0-9A-F]{4}-[0-9A-F]{4}-[0-9A-F]{12}\$/i"
                    }
                ],
                "responses": {
                    "200": {
                        "description": "Success",
                        "schema": {
                            "\$ref": "\#/definitions/PaymentChannels"
                        }
                    },
                    "400": {
                        "description": "Bad Request"
                    }
                }
            },
            "post": {
                "summary": "Store new channel on processor",
                "operationId": "PaymentChannelController@store",
                "consumes": [
                    "application/json"
                ],
                "produces": [
                    "application/json"
                ],
                "parameters": [
                    {
                        "name": "pid",
                        "in": "path",
                        "description": "Processor id",
                        "required": true,
                        "type": "string",
                        "pattern": "/^[0-9A-F]{8}-[0-9A-F]{4}-[0-9A-F]{4}-[0-9A-F]{4}-[0-9A-F]{12}\$/i"
                    },
                    {
                        "name": "channel",
                        "in": "body",
                        "schema": {
                            "properties": {
                                "name": {
                                    "type": "string"
                                },
                                "channel": {
                                    "type": "string"
                                },
                                "status": {
                                    "type": "integer"
                                }
                            }
                        }
                    }
                ],
                "responses": {
                    "200": {
                        "description": "Success",
                        "schema": {
                            "\$ref": "\#/definitions/PaymentChannel"
                        }
                    },
                    "400": {
                        "description": "Bad Request"
                    }
                }
            }
        },
        "/api/v1/payment/processor/{pid}/channel/{id}": {
            "get": {
                "summary": "Show specific channel on a payment processor",
                "operationId": "PaymentChannelController@show",
                "consumes": [
                    "application/json"
                ],
                "produces": [
                    "application/json"
                ],
                "parameters": [
                    {
                        "name": "pid",
                        "in": "path",
                        "description": "Processor id",
                        "required": true,
                        "type": "string",
                        "pattern": "/^[0-9A-F]{8}-[0-9A-F]{4}-[0-9A-F]{4}-[0-9A-F]{4}-[0-9A-F]{12}\$/i"
                    },
                    {
                        "name": "id",
                        "in": "path",
                        "description": "Channel id",
                        "required": true,
                        "type": "string",
                        "pattern": "/^[0-9A-F]{8}-[0-9A-F]{4}-[0-9A-F]{4}-[0-9A-F]{4}-[0-9A-F]{12}\$/i"
                    }
                ],
                "responses": {
                    "200": {
                        "description": "Success",
                        "schema": {
                            "\$ref": "\#/definitions/PaymentChannel"
                        }
                    },
                    "400": {
                        "description": "Bad Request"
                    }
                }
            },
            "put": {
                "summary": "Update channel on processor",
                "operationId": "PaymentChannelController@update",
                "consumes": [
                    "application/json"
                ],
                "produces": [
                    "application/json"
                ],
                "parameters": [
                    {
                        "name": "pid",
                        "in": "path",
                        "description": "Processor id",
                        "required": true,
                        "type": "string",
                        "pattern": "/^[0-9A-F]{8}-[0-9A-F]{4}-[0-9A-F]{4}-[0-9A-F]{4}-[0-9A-F]{12}\$/i"
                    },
                    {
                        "name": "id",
                        "in": "path",
                        "description": "Channel id",
                        "required": true,
                        "type": "string",
                        "pattern": "/^[0-9A-F]{8}-[0-9A-F]{4}-[0-9A-F]{4}-[0-9A-F]{4}-[0-9A-F]{12}\$/i"
                    },
                    {
                        "name": "channel",
                        "in": "body",
                        "schema": {
                            "properties": {
                                "name": {
                                    "type": "string"
                                },
                                "channel": {
                                    "type": "string"
                                },
                                "status": {
                                    "type": "integer"
                                }
                            }
                        }
                    }
                ],
                "responses": {
                    "200": {
                        "description": "Success",
                        "schema": {
                            "\$ref": "\#/definitions/PaymentChannel"
                        }
                    },
                    "400": {
                        "description": "Bad Request"
                    }
                }
            }
        },
        "/api/v1/payment/profile": {
            "get": {
                "summary": "List payment profiles",
                "operationId": "PaymentProfileController@index",
                "consumes": [
                    "application/json"
                ],
                "produces": [
                    "application/json"
                ],
                "parameters": [
                    {
                        "name": "user[id]",
                        "in": "query",
                        "description": "User id",
                        "required": false,
                        "type": "string",
                        "pattern": "/^[0-9A-F]{8}-[0-9A-F]{4}-[0-9A-F]{4}-[0-9A-F]{4}-[0-9A-F]{12}\$/i"
                    }
                ],
                "responses": {
                    "200": {
                        "description": "Success",
                        "schema": {
                            "\$ref": "\#/definitions/PaymentProfiles"
                        }
                    },
                    "400": {
                        "description": "Bad Request"
                    }
                }
            },
            "post": {
                "summary": "Store payment profile",
                "operationId": "PaymentProfileController@store",
                "consumes": [
                    "application/json"
                ],
                "produces": [
                    "application/json"
                ],
                "parameters": [
                    {
                        "name": "profile",
                        "in": "body",
                        "required": true,
                        "schema": {
                            "properties": {
                                "provider": {
                                    "description": "Payment Provider",
                                    "properties": {
                                        "id": {
                                            "type": "string",
                                            "pattern": "/^[0-9A-F]{8}-[0-9A-F]{4}-[0-9A-F]{4}-[0-9A-F]{4}-[0-9A-F]{12}\$/i"
                                        }
                                    },
                                    "type": "object"
                                },
                                "user": {
                                    "description": "User",
                                    "properties": {
                                        "id": {
                                            "type": "string",
                                            "pattern": "/^[0-9A-F]{8}-[0-9A-F]{4}-[0-9A-F]{4}-[0-9A-F]{4}-[0-9A-F]{12}\$/i"
                                        }
                                    },
                                    "type": "object"
                                },
                                "token": {
                                    "type": "string"
                                },
                                "bin": {
                                    "type": "string",
                                    "maxLength": 6,
                                    "minLength": 6
                                },
                                "last4": {
                                    "type": "string",
                                    "maxLength": 4,
                                    "minLength": 4
                                },
                                "exp_month": {
                                    "type": "string",
                                    "maxLength": 2,
                                    "minLength": 2
                                },
                                "exp_year": {
                                    "type": "string",
                                    "maxLength": 4,
                                    "minLength": 4
                                },
                                "card_brand": {
                                    "type": "string",
                                    "maxLength": 16,
                                    "minLength": 2
                                },
                                "default": {
                                    "type": "boolean"
                                }
                            }
                        }
                    }
                ],
                "responses": {
                    "201": {
                        "description": "Success",
                        "schema": {
                            "\$ref": "\#/definitions/PaymentProfile"
                        }
                    },
                    "400": {
                        "description": "Bad Request"
                    }
                }
            }
        },
        "/api/v1/payment/profile/{id}": {
            "get": {
                "summary": "Show individual payment profile",
                "operationId": "PaymentProfileController@show",
                "consumes": [
                    "application/json"
                ],
                "produces": [
                    "application/json"
                ],
                "parameters": [
                    {
                        "name": "id",
                        "in": "path",
                        "description": "Profile id",
                        "required": true,
                        "type": "string",
                        "pattern": "/^[0-9A-F]{8}-[0-9A-F]{4}-[0-9A-F]{4}-[0-9A-F]{4}-[0-9A-F]{12}\$/i"
                    }
                ],
                "responses": {
                    "200": {
                        "description": "Success",
                        "schema": {
                            "\$ref": "\#/definitions/PaymentProfile"
                        }
                    },
                    "400": {
                        "description": "Bad Request"
                    }
                }
            },
            "put": {
                "summary": "Update payment profile",
                "operationId": "PaymentProfileController@update",
                "consumes": [
                    "application/json"
                ],
                "produces": [
                    "application/json"
                ],
                "parameters": [
                    {
                        "name": "id",
                        "in": "path",
                        "required": true,
                        "type": "string"
                    },
                    {
                        "name": "profile",
                        "in": "body",
                        "required": true,
                        "schema": {
                            "properties": {
                                "provider": {
                                    "description": "Payment Provider",
                                    "properties": {
                                        "id": {
                                            "type": "string",
                                            "pattern": "/^[0-9A-F]{8}-[0-9A-F]{4}-[0-9A-F]{4}-[0-9A-F]{4}-[0-9A-F]{12}\$/i"
                                        }
                                    },
                                    "type": "object"
                                },
                                "user": {
                                    "description": "User",
                                    "properties": {
                                        "id": {
                                            "type": "string",
                                            "pattern": "/^[0-9A-F]{8}-[0-9A-F]{4}-[0-9A-F]{4}-[0-9A-F]{4}-[0-9A-F]{12}\$/i"
                                        }
                                    },
                                    "type": "object"
                                },
                                "token": {
                                    "type": "string"
                                },
                                "bin": {
                                    "type": "string",
                                    "maxLength": 6,
                                    "minLength": 6
                                },
                                "last4": {
                                    "type": "string",
                                    "maxLength": 4,
                                    "minLength": 4
                                },
                                "exp_month": {
                                    "type": "string",
                                    "maxLength": 2,
                                    "minLength": 2
                                },
                                "exp_year": {
                                    "type": "string",
                                    "maxLength": 4,
                                    "minLength": 4
                                },
                                "card_brand": {
                                    "type": "string",
                                    "maxLength": 16,
                                    "minLength": 2
                                },
                                "default": {
                                    "type": "boolean"
                                }
                            }
                        }
                    }
                ],
                "responses": {
                    "200": {
                        "description": "Success",
                        "schema": {
                            "\$ref": "\#/definitions/PaymentProfile"
                        }
                    },
                    "400": {
                        "description": "Bad Request"
                    },
                    "404": {
                        "description": "Not Found"
                    }
                }
            }
        },
        "/api/v1/payment/transaction": {
            "get": {
                "summary": "List transactions",
                "operationId": "TransactionController@index",
                "consumes": [
                    "application/json"
                ],
                "produces": [
                    "application/json"
                ],
                "parameters": [
                    {
                        "name": "user[id]",
                        "in": "query",
                        "description": "User id",
                        "required": false,
                        "type": "string",
                        "pattern": "/^[0-9A-F]{8}-[0-9A-F]{4}-[0-9A-F]{4}-[0-9A-F]{4}-[0-9A-F]{12}\$/i"
                    },
                    {
                        "name": "invoice[id]",
                        "in": "query",
                        "description": "Invoice id",
                        "required": false,
                        "type": "string"
                    },
                    {
                        "name": "reservation[id]",
                        "in": "query",
                        "description": "Invoice id",
                        "required": false,
                        "type": "string"
                    }
                ],
                "responses": {
                    "200": {
                        "description": "Success",
                        "schema": {
                            "\$ref": "\#/definitions/Transactions"
                        }
                    },
                    "400": {
                        "description": "Bad Request"
                    }
                }
            },
            "post": {
                "summary": "Create transaction",
                "operationId": "TransactionController@store",
                "consumes": [
                    "application/json"
                ],
                "produces": [
                    "application/json"
                ],
                "parameters": [
                    {
                        "name": "profile",
                        "in": "body",
                        "required": true,
                        "schema": {
                            "properties": {
                                "profile": {
                                    "description": "Payment Profile",
                                    "properties": {
                                        "id": {
                                            "type": "string",
                                            "pattern": "/^[0-9A-F]{8}-[0-9A-F]{4}-[0-9A-F]{4}-[0-9A-F]{4}-[0-9A-F]{12}\$/i"
                                        }
                                    },
                                    "type": "object"
                                },
                                "user": {
                                    "description": "User",
                                    "properties": {
                                        "id": {
                                            "type": "string",
                                            "pattern": "/^[0-9A-F]{8}-[0-9A-F]{4}-[0-9A-F]{4}-[0-9A-F]{4}-[0-9A-F]{12}\$/i"
                                        },
                                        "first_name": {
                                            "type": "string"
                                        },
                                        "last_name": {
                                            "type": "string"
                                        },
                                        "mobile": {
                                            "type": "string"
                                        },
                                        "email": {
                                            "type": "string"
                                        },
                                        "birth_date": {
                                            "type": "string"
                                        },
                                        "time_on_file": {
                                            "type": "string"
                                        },
                                        "driver_license": {
                                            "type": "string"
                                        }
                                    },
                                    "type": "object"
                                },
                                "invoice": {
                                    "description": "Invoice",
                                    "properties": {
                                        "id": {
                                            "type": "string"
                                        }
                                    },
                                    "type": "object"
                                },
                                "related_transaction": {
                                    "description": "Related Transaction",
                                    "properties": {
                                        "id": {
                                            "type": "string",
                                            "pattern": "/^[0-9A-F]{8}-[0-9A-F]{4}-[0-9A-F]{4}-[0-9A-F]{4}-[0-9A-F]{12}\$/i"
                                        }
                                    },
                                    "type": "object"
                                },
                                "reservation": {
                                    "description": "Reservation",
                                    "properties": {
                                        "id": {
                                            "type": "string",
                                            "pattern": "/^[0-9A-F]{8}-[0-9A-F]{4}-[0-9A-F]{4}-[0-9A-F]{4}-[0-9A-F]{12}\$/i"
                                        },
                                        "pickup_datetime": {
                                            "type": "string"
                                        },
                                        "dropoff_datetime": {
                                            "type": "string"
                                        },
                                        "pickup_location": {
                                            "type": "string"
                                        },
                                        "dropoff_location": {
                                            "type": "string"
                                        }
                                    },
                                    "type": "object"
                                },
                                "amount": {
                                    "type": "integer"
                                },
                                "currency": {
                                    "type": "string"
                                },
                                "descriptor": {
                                    "type": "string"
                                },
                                "installments": {
                                    "type": "string"
                                },
                                "type": {
                                    "type": "string",
                                    "enum": [
                                        "auth",
                                        "cap",
                                        "authcap",
                                        "credit",
                                        "refund",
                                        "void"
                                    ]
                                }
                            }
                        }
                    }
                ],
                "responses": {
                    "200": {
                        "description": "Success",
                        "schema": {
                            "\$ref": "\#/definitions/Transaction"
                        }
                    },
                    "400": {
                        "description": "Bad Request"
                    }
                }
            }
        },
        "/api/v1/payment/transaction/{id}": {
            "get": {
                "summary": "Show transaction",
                "operationId": "TransactionController@show",
                "consumes": [
                    "application/json"
                ],
                "produces": [
                    "application/json"
                ],
                "parameters": [
                    {
                        "name": "id",
                        "in": "path",
                        "description": "Transaction id",
                        "required": true,
                        "type": "string",
                        "pattern": "/^[0-9A-F]{8}-[0-9A-F]{4}-[0-9A-F]{4}-[0-9A-F]{4}-[0-9A-F]{12}\$/i"
                    }
                ],
                "responses": {
                    "200": {
                        "description": "Success",
                        "schema": {
                            "\$ref": "\#/definitions/Transaction"
                        }
                    },
                    "400": {
                        "description": "Bad Request"
                    }
                }
            }
        },
        "/api/v1/payment/profilescript": {
            "post": {
                "summary": "Request payment profile script",
                "operationId": "ProfileScriptController@store",
                "consumes": [
                    "application/json"
                ],
                "produces": [
                    "application/json"
                ],
                "parameters": [
                    {
                        "name": "profile",
                        "in": "body",
                        "required": true,
                        "schema": {
                            "properties": {
                                "payment_channel": {
                                    "description": "Payment channel",
                                    "properties": {
                                        "id": {
                                            "type": "string",
                                            "pattern": "/^[0-9A-F]{8}-[0-9A-F]{4}-[0-9A-F]{4}-[0-9A-F]{4}-[0-9A-F]{12}\$/i"
                                        }
                                    },
                                    "type": "object"
                                },
                                "processor": {
                                    "description": "Payment processor",
                                    "properties": {
                                        "id": {
                                            "type": "string",
                                            "pattern": "/^[0-9A-F]{8}-[0-9A-F]{4}-[0-9A-F]{4}-[0-9A-F]{4}-[0-9A-F]{12}\$/i"
                                        }
                                    },
                                    "type": "object"
                                },
                                "user": {
                                    "description": "User information",
                                    "properties": {
                                        "id": {
                                            "type": "string",
                                            "pattern": "/^[0-9A-F]{8}-[0-9A-F]{4}-[0-9A-F]{4}-[0-9A-F]{4}-[0-9A-F]{12}\$/i"
                                        },
                                        "mobile": {
                                            "type": "string"
                                        },
                                        "email": {
                                            "type": "string"
                                        },
                                        "first_name": {
                                            "type": "string"
                                        },
                                        "last_name": {
                                            "type": "string"
                                        },
                                        "birth_date": {
                                            "type": "string"
                                        },
                                        "time_on_file": {
                                            "type": "string"
                                        },
                                        "driver_license": {
                                            "type": "string"
                                        }
                                    },
                                    "type": "object"
                                }
                            }
                        }
                    }
                ],
                "responses": {
                    "200": {
                        "description": "Success",
                        "schema": {
                            "\$ref": "\#/definitions/ProfileScript"
                        }
                    },
                    "400": {
                        "description": "Bad Request"
                    }
                }
            }
        },
        "/api/v1/payment/profilescript/{id}/status": {
            "get": {
                "summary": "Check status",
                "operationId": "ProfileScriptController@status",
                "produces": [
                    "application/json"
                ],
                "parameters": [
                    {
                        "name": "id",
                        "in": "path",
                        "description": "Profile script id",
                        "required": true,
                        "type": "string",
                        "pattern": "/^[0-9A-F]{8}-[0-9A-F]{4}-[0-9A-F]{4}-[0-9A-F]{4}-[0-9A-F]{12}\$/i"
                    }
                ],
                "responses": {
                    "200": {
                        "description": "Return profile script status",
                        "schema": {
                            "\$ref": "\#/definitions/ProfileScript"
                        }
                    },
                    "404": {
                        "description": "Script not found"
                    }
                }
            }
        }
    },
    "definitions": {
        "ObjectId": {
            "required": [
                "id"
            ],
            "properties": {
                "id": {
                    "type": "string",
                    "pattern": "/^[0-9A-F]{8}-[0-9A-F]{4}-[0-9A-F]{4}-[0-9A-F]{4}-[0-9A-F]{12}\$/i"
                }
            }
        },
        "ObjectIdAny": {
            "required": [
                "id"
            ],
            "properties": {
                "id": {
                    "type": "string"
                }
            }
        },
        "DateTime": {
            "required": [
                "date",
                "timezone_type",
                "timezone"
            ],
            "properties": {
                "date": {
                    "type": "string",
                    "pattern": "^[0-9]{4}-[0-9]{2}-[0-9]{2} [0-9]{2}:[0-9]{2}:[0-9]{2}.[0-9]{6}\$"
                },
                "timezone_type": {
                    "type": "integer"
                },
                "timezone": {
                    "type": "string"
                }
            }
        },
        "PaymentProviders": {
            "type": "array",
            "items": {
                "\$ref": "\#/definitions/PaymentProvider"
            }
        },
        "PaymentProcessors": {
            "type": "array",
            "items": {
                "\$ref": "\#/definitions/PaymentProcessor"
            }
        },
        "PaymentChannels": {
            "type": "array",
            "items": {
                "\$ref": "\#/definitions/PaymentChannel"
            }
        },
        "PaymentProfiles": {
            "type": "array",
            "items": {
                "\$ref": "\#/definitions/PaymentProfile"
            }
        },
        "Transactions": {
            "type": "array",
            "items": {
                "\$ref": "\#/definitions/Transaction"
            }
        },
        "PaymentChannel": {
            "required": [
                "id",
                "processor",
                "name",
                "channel",
                "status"
            ],
            "properties": {
                "id": {
                    "type": "string",
                    "maxLength": 34,
                    "minLength": 34,
                    "pattern": "^[0-9a-fA-F]{8}\\-[0-9a-fA-F]{4}\\-[0-9a-fA-F]{4}\\-[0-9a-fA-F]{4}\\-[0-9a-fA-F]{12}\$"
                },
                "name": {
                    "type": "string"
                },
                "processor": {
                    "\$ref": "\#/definitions/ObjectId"
                },
                "status": {
                    "type": "integer"
                },
                "channel": {
                    "type": "string"
                },
                "created_at": {
                    "\$ref": "\#/definitions/DateTime"
                },
                "updated_at": {
                    "\$ref": "\#/definitions/DateTime"
                }
            }
        },
        "PaymentProcessor": {
            "required": [
                "id",
                "name",
                "provider",
                "username",
                "password",
                "status"
            ],
            "properties": {
                "id": {
                    "type": "string",
                    "maxLength": 34,
                    "minLength": 34,
                    "pattern": "^[0-9a-fA-F]{8}\\-[0-9a-fA-F]{4}\\-[0-9a-fA-F]{4}\\-[0-9a-fA-F]{4}\\-[0-9a-fA-F]{12}\$"
                },
                "name": {
                    "type": "string"
                },
                "provider": {
                    "\$ref": "\#/definitions/ObjectId"
                },
                "username": {
                    "type": "string"
                },
                "password": {
                    "type": "string"
                },
                "status": {
                    "type": "integer"
                },
                "sandbox": {
                    "type": "string"
                },
                "created_at": {
                    "\$ref": "\#/definitions/DateTime"
                },
                "updated_at": {
                    "\$ref": "\#/definitions/DateTime"
                }
            }
        },
        "PaymentProcessorCurrency": {
            "required": [
                "processor",
                "iso_code"
            ],
            "properties": {
                "processor": {
                    "properties": {
                        "id": {
                            "type": "string"
                        }
                    },
                    "type": "object"
                },
                "iso_code": {
                    "type": "string"
                }
            }
        },
        "PaymentProfile": {
            "required": [
                "id",
                "user",
                "provider",
                "token"
            ],
            "properties": {
                "id": {
                    "type": "string",
                    "maxLength": 34,
                    "minLength": 34,
                    "pattern": "^[0-9a-fA-F]{8}\\-[0-9a-fA-F]{4}\\-[0-9a-fA-F]{4}\\-[0-9a-fA-F]{4}\\-[0-9a-fA-F]{12}\$"
                },
                "user": {
                    "\$ref": "\#/definitions/ObjectId"
                },
                "provider": {
                    "\$ref": "\#/definitions/ObjectId"
                },
                "default": {
                    "type": "boolean"
                },
                "token": {
                    "type": "string"
                },
                "bin": {
                    "type": "string"
                },
                "last4": {
                    "type": "string"
                },
                "exp_month": {
                    "type": "string"
                },
                "exp_year": {
                    "type": "string"
                },
                "card_brand": {
                    "type": "string"
                },
                "avs_response": {
                    "type": "string"
                },
                "created_at": {
                    "\$ref": "\#/definitions/DateTime"
                },
                "updated_at": {
                    "\$ref": "\#/definitions/DateTime"
                }
            }
        },
        "PaymentProvider": {
            "required": [
                "id",
                "name",
                "class",
                "url"
            ],
            "properties": {
                "id": {
                    "type": "string",
                    "maxLength": 34,
                    "minLength": 34,
                    "pattern": "^[0-9a-fA-F]{8}\\-[0-9a-fA-F]{4}\\-[0-9a-fA-F]{4}\\-[0-9a-fA-F]{4}\\-[0-9a-fA-F]{12}\$"
                },
                "name": {
                    "type": "string"
                },
                "class": {
                    "type": "string"
                },
                "url": {
                    "type": "string"
                },
                "sandbox_url": {
                    "type": "string"
                },
                "created_at": {
                    "\$ref": "\#/definitions/DateTime"
                },
                "updated_at": {
                    "\$ref": "\#/definitions/DateTime"
                }
            }
        },
        "ProfileScript": {
            "required": [
                "id",
                "user",
                "processor",
                "payment_channel"
            ],
            "properties": {
                "id": {
                    "type": "string",
                    "maxLength": 34,
                    "minLength": 34,
                    "pattern": "^[0-9a-fA-F]{8}\\-[0-9a-fA-F]{4}\\-[0-9a-fA-F]{4}\\-[0-9a-fA-F]{4}\\-[0-9a-fA-F]{12}\$"
                },
                "user": {
                    "\$ref": "\#/definitions/ObjectId"
                },
                "processor": {
                    "\$ref": "\#/definitions/ObjectId"
                },
                "payment_channel": {
                    "\$ref": "\#/definitions/ObjectId"
                },
                "script_url": {
                    "type": "string"
                },
                "gateway_id": {
                    "type": "string"
                },
                "status": {
                    "type": "integer"
                },
                "response_code": {
                    "type": "string"
                },
                "response_message": {
                    "type": "string"
                },
                "avs_response": {
                    "type": "string"
                },
                "profile": {
                    "\$ref": "\#/definitions/ObjectId"
                },
                "created_at": {
                    "\$ref": "\#/definitions/DateTime"
                },
                "updated_at": {
                    "\$ref": "\#/definitions/DateTime"
                }
            }
        },
        "Transaction": {
            "required": [
                "id",
                "user",
                "type",
                "profile"
            ],
            "properties": {
                "id": {
                    "type": "string",
                    "maxLength": 34,
                    "minLength": 34,
                    "pattern": "^[0-9a-fA-F]{8}\\-[0-9a-fA-F]{4}\\-[0-9a-fA-F]{4}\\-[0-9a-fA-F]{4}\\-[0-9a-fA-F]{12}\$"
                },
                "user": {
                    "\$ref": "\#/definitions/ObjectId"
                },
                "profile": {
                    "\$ref": "\#/definitions/ObjectId"
                },
                "invoice": {
                    "\$ref": "\#/definitions/ObjectIdAny"
                },
                "reservation": {
                    "\$ref": "\#/definitions/ObjectIdAny"
                },
                "type": {
                    "type": "string"
                },
                "amount": {
                    "type": "integer"
                },
                "currency": {
                    "type": "string"
                },
                "descriptor": {
                    "type": "string"
                },
                "status": {
                    "type": "integer"
                },
                "gateway_id": {
                    "type": "string"
                },
                "gateway_resp_code": {
                    "type": "string"
                },
                "gateway_resp_message": {
                    "type": "string"
                },
                "avs_response": {
                    "type": "string"
                },
                "payment_channel": {
                    "\$ref": "\#/definitions/ObjectId"
                },
                "related_transaction": {
                    "\$ref": "\#/definitions/ObjectId"
                },
                "created_at": {
                    "\$ref": "\#/definitions/DateTime"
                },
                "updated_at": {
                    "\$ref": "\#/definitions/DateTime"
                }
            }
        }
    }
}